year,team,matches,wins,draws,losses,goals_for,goals_against,points,gdp_per_capita,goal_difference,win_percentage,goals_per_match,goals_conceded_per_match,points_per_match
1930,Argentina,5,4,0,1,18.0,9.0,12,,9.0,0.8,3.6,1.8,2.4
1930,Belgium,2,0,0,2,0.0,4.0,0,,-4.0,0.0,0.0,2.0,0.0
1930,Bolivia,2,0,0,2,0.0,8.0,0,,-8.0,0.0,0.0,4.0,0.0
1930,Brazil,2,1,0,1,5.0,2.0,3,,3.0,0.5,2.5,1.0,1.5
1930,Chile,3,2,0,1,5.0,3.0,6,,2.0,0.667,1.67,1.0,2.0
1930,France,3,1,0,2,4.0,3.0,3,,1.0,0.333,1.33,1.0,1.0
1930,Mexico,3,0,0,3,4.0,13.0,0,,-9.0,0.0,1.33,4.33,0.0
1930,Paraguay,2,1,0,1,1.0,3.0,3,,-2.0,0.5,0.5,1.5,1.5
1930,Peru,2,0,0,2,1.0,4.0,0,,-3.0,0.0,0.5,2.0,0.0
1930,Romania,2,1,0,1,3.0,5.0,3,,-2.0,0.5,1.5,2.5,1.5
1930,United States,3,2,0,1,7.0,6.0,6,,1.0,0.667,2.33,2.0,2.0
1930,Uruguay,4,4,0,0,15.0,3.0,12,,12.0,1.0,3.75,0.75,3.0
1930,Yugoslavia,3,2,0,1,7.0,7.0,6,,0.0,0.667,2.33,2.33,2.0
1934,Argentina,1,0,0,1,2.0,3.0,0,,-1.0,0.0,2.0,3.0,0.0
1934,Austria,4,2,0,2,7.0,7.0,6,,0.0,0.5,1.75,1.75,1.5
1934,Belgium,1,0,0,1,2.0,5.0,0,,-3.0,0.0,2.0,5.0,0.0
1934,Brazil,1,0,0,1,1.0,3.0,0,,-2.0,0.0,1.0,3.0,0.0
1934,Czechoslovakia,4,3,0,1,9.0,6.0,9,,3.0,0.75,2.25,1.5,2.25
1934,Egypt,1,0,0,1,2.0,4.0,0,,-2.0,0.0,2.0,4.0,0.0
1934,France,1,0,0,1,2.0,3.0,0,,-1.0,0.0,2.0,3.0,0.0
1934,Germany,4,3,0,1,11.0,8.0,9,,3.0,0.75,2.75,2.0,2.25
1934,Hungary,2,1,0,1,5.0,4.0,3,,1.0,0.5,2.5,2.0,1.5
1934,Italy,5,4,1,0,12.0,3.0,13,,9.0,0.8,2.4,0.6,2.6
1934,Netherlands,1,0,0,1,2.0,3.0,0,,-1.0,0.0,2.0,3.0,0.0
1934,Romania,1,0,0,1,1.0,2.0,0,,-1.0,0.0,1.0,2.0,0.0
1934,Spain,3,1,1,1,4.0,3.0,4,,1.0,0.333,1.33,1.0,1.33
1934,Sweden,2,1,0,1,4.0,4.0,3,,0.0,0.5,2.0,2.0,1.5
1934,Switzerland,2,1,0,1,5.0,5.0,3,,0.0,0.5,2.5,2.5,1.5
1934,United States,1,0,0,1,1.0,7.0,0,,-6.0,0.0,1.0,7.0,0.0
1938,Belgium,1,0,0,1,1.0,3.0,0,,-2.0,0.0,1.0,3.0,0.0
1938,Brazil,5,3,1,1,14.0,11.0,10,,3.0,0.6,2.8,2.2,2.0
1938,Cuba,3,1,1,1,5.0,12.0,4,,-7.0,0.333,1.67,4.0,1.33
1938,Czechoslovakia,3,1,1,1,5.0,3.0,4,,2.0,0.333,1.67,1.0,1.33
1938,France,2,1,0,1,4.0,4.0,3,,0.0,0.5,2.0,2.0,1.5
1938,Germany,2,0,1,1,3.0,5.0,1,,-2.0,0.0,1.5,2.5,0.5
1938,Hungary,4,3,0,1,15.0,5.0,9,,10.0,0.75,3.75,1.25,2.25
1938,Indonesia,1,0,0,1,0.0,6.0,0,,-6.0,0.0,0.0,6.0,0.0
1938,Italy,4,4,0,0,11.0,5.0,12,,6.0,1.0,2.75,1.25,3.0
1938,Netherlands,1,0,0,1,0.0,3.0,0,,-3.0,0.0,0.0,3.0,0.0
1938,Norway,1,0,0,1,1.0,2.0,0,,-1.0,0.0,1.0,2.0,0.0
1938,Poland,1,0,0,1,5.0,6.0,0,,-1.0,0.0,5.0,6.0,0.0
1938,Romania,2,0,1,1,4.0,5.0,1,,-1.0,0.0,2.0,2.5,0.5
1938,Sweden,3,1,0,2,11.0,9.0,3,,2.0,0.333,3.67,3.0,1.0
1938,Switzerland,3,1,1,1,5.0,5.0,4,,0.0,0.333,1.67,1.67,1.33
1950,Bolivia,1,0,0,1,0.0,8.0,0,,-8.0,0.0,0.0,8.0,0.0
1950,Brazil,6,4,1,1,22.0,6.0,13,,16.0,0.667,3.67,1.0,2.17
1950,Chile,3,1,0,2,5.0,6.0,3,,-1.0,0.333,1.67,2.0,1.0
1950,England,3,1,0,2,2.0,2.0,3,,0.0,0.333,0.67,0.67,1.0
1950,Italy,2,1,0,1,4.0,3.0,3,,1.0,0.5,2.0,1.5,1.5
1950,Mexico,3,0,0,3,2.0,10.0,0,,-8.0,0.0,0.67,3.33,0.0
1950,Paraguay,2,0,1,1,2.0,4.0,1,,-2.0,0.0,1.0,2.0,0.5
1950,Spain,6,3,1,2,10.0,12.0,10,,-2.0,0.5,1.67,2.0,1.67
1950,Sweden,5,2,1,2,11.0,15.0,7,,-4.0,0.4,2.2,3.0,1.4
1950,Switzerland,3,1,1,1,4.0,6.0,4,,-2.0,0.333,1.33,2.0,1.33
1950,United States,3,1,0,2,4.0,8.0,3,,-4.0,0.333,1.33,2.67,1.0
1950,Uruguay,4,3,1,0,15.0,5.0,10,,10.0,0.75,3.75,1.25,2.5
1950,Yugoslavia,3,2,0,1,7.0,3.0,6,,4.0,0.667,2.33,1.0,2.0
1954,Austria,5,4,0,1,17.0,12.0,12,,5.0,0.8,3.4,2.4,2.4
1954,Belgium,2,0,1,1,5.0,8.0,1,,-3.0,0.0,2.5,4.0,0.5
1954,Brazil,3,1,1,1,8.0,5.0,4,,3.0,0.333,2.67,1.67,1.33
1954,Czechoslovakia,2,0,0,2,0.0,7.0,0,,-7.0,0.0,0.0,3.5,0.0
1954,England,3,1,1,1,8.0,8.0,4,,0.0,0.333,2.67,2.67,1.33
1954,France,2,1,0,1,3.0,3.0,3,,0.0,0.5,1.5,1.5,1.5
1954,Germany,6,5,0,1,25.0,14.0,15,,11.0,0.833,4.17,2.33,2.5
1954,Hungary,5,4,0,1,27.0,10.0,12,,17.0,0.8,5.4,2.0,2.4
1954,Italy,3,1,0,2,6.0,7.0,3,,-1.0,0.333,2.0,2.33,1.0
1954,Mexico,2,0,0,2,2.0,8.0,0,,-6.0,0.0,1.0,4.0,0.0
1954,Scotland,2,0,0,2,0.0,8.0,0,,-8.0,0.0,0.0,4.0,0.0
1954,South Korea,2,0,0,2,0.0,16.0,0,,-16.0,0.0,0.0,8.0,0.0
1954,Switzerland,4,2,0,2,11.0,11.0,6,,0.0,0.5,2.75,2.75,1.5
1954,Turkey,3,1,0,2,10.0,11.0,3,,-1.0,0.333,3.33,3.67,1.0
1954,Uruguay,5,3,0,2,16.0,9.0,9,,7.0,0.6,3.2,1.8,1.8
1954,Yugoslavia,3,1,1,1,2.0,3.0,4,,-1.0,0.333,0.67,1.0,1.33
1958,Argentina,3,1,0,2,5.0,10.0,3,,-5.0,0.333,1.67,3.33,1.0
1958,Austria,3,0,1,2,2.0,7.0,1,,-5.0,0.0,0.67,2.33,0.33
1958,Brazil,6,5,1,0,16.0,4.0,16,,12.0,0.833,2.67,0.67,2.67
1958,Czechoslovakia,4,1,1,2,9.0,6.0,4,,3.0,0.25,2.25,1.5,1.0
1958,England,4,0,3,1,4.0,5.0,3,,-1.0,0.0,1.0,1.25,0.75
1958,France,6,4,0,2,23.0,15.0,12,,8.0,0.667,3.83,2.5,2.0
1958,Germany,6,2,2,2,12.0,14.0,8,,-2.0,0.333,2.0,2.33,1.33
1958,Hungary,4,1,1,2,7.0,5.0,4,,2.0,0.25,1.75,1.25,1.0
1958,Mexico,3,0,1,2,1.0,8.0,1,,-7.0,0.0,0.33,2.67,0.33
1958,Northern Ireland,5,2,1,2,6.0,10.0,7,,-4.0,0.4,1.2,2.0,1.4
1958,Paraguay,3,1,1,1,9.0,12.0,4,,-3.0,0.333,3.0,4.0,1.33
1958,Russia,5,2,1,2,5.0,6.0,7,,-1.0,0.4,1.0,1.2,1.4
1958,Scotland,3,0,1,2,4.0,6.0,1,,-2.0,0.0,1.33,2.0,0.33
1958,Sweden,6,4,1,1,12.0,7.0,13,,5.0,0.667,2.0,1.17,2.17
1958,Wales,5,1,3,1,4.0,4.0,6,,0.0,0.2,0.8,0.8,1.2
1958,Yugoslavia,4,1,2,1,7.0,7.0,5,,0.0,0.25,1.75,1.75,1.25
1962,Argentina,3,1,1,1,2.0,3.0,4,1160.30659798113,-1.0,0.333,0.67,1.0,1.33
1962,Brazil,6,5,1,0,14.0,5.0,16,250.200572910273,9.0,0.833,2.33,0.83,2.67
1962,Bulgaria,3,0,1,2,1.0,7.0,1,,-6.0,0.0,0.33,2.33,0.33
1962,Chile,6,4,0,2,10.0,8.0,12,662.73347569252,2.0,0.667,1.67,1.33,2.0
1962,Colombia,3,0,1,2,5.0,11.0,1,298.543861741321,-6.0,0.0,1.67,3.67,0.33
1962,Czechoslovakia,6,3,1,2,7.0,7.0,10,,0.0,0.5,1.17,1.17,1.67
1962,England,4,1,1,2,5.0,6.0,4,1525.77585271032,-1.0,0.25,1.25,1.5,1.0
1962,Germany,4,2,1,1,4.0,2.0,7,1430.52095516263,2.0,0.5,1.0,0.5,1.75
1962,Hungary,4,2,1,1,8.0,3.0,7,,5.0,0.5,2.0,0.75,1.75
1962,Italy,3,1,1,1,3.0,2.0,4,1030.15800343763,1.0,0.333,1.0,0.67,1.33
1962,Mexico,3,1,0,2,3.0,4.0,3,388.456702411498,-1.0,0.333,1.0,1.33,1.0
1962,Russia,4,2,1,1,9.0,7.0,7,,2.0,0.5,2.25,1.75,1.75
1962,Spain,3,1,0,2,2.0,3.0,3,535.391059454488,-1.0,0.333,0.67,1.0,1.0
1962,Switzerland,3,0,0,3,2.0,8.0,0,2330.47736501501,-6.0,0.0,0.67,2.67,0.0
1962,Uruguay,3,1,0,2,4.0,6.0,3,659.393716891716,-2.0,0.333,1.33,2.0,1.0
1962,Yugoslavia,6,3,0,3,10.0,7.0,9,,3.0,0.5,1.67,1.17,1.5
1966,Argentina,4,2,1,1,4.0,2.0,7,1275.07843418966,2.0,0.5,1.0,0.5,1.75
1966,Brazil,3,1,0,2,4.0,6.0,3,328.343791519407,-2.0,0.333,1.33,2.0,1.0
1966,Bulgaria,3,0,0,3,1.0,8.0,0,,-7.0,0.0,0.33,2.67,0.0
1966,Chile,3,0,1,2,2.0,5.0,1,780.096923247761,-3.0,0.0,0.67,1.67,0.33
1966,England,6,5,1,0,11.0,3.0,16,1986.74715869685,8.0,0.833,1.83,0.5,2.67
1966,France,3,0,1,2,2.0,5.0,1,2165.07279456053,-3.0,0.0,0.67,1.67,0.33
1966,Germany,6,4,1,1,15.0,6.0,13,1870.80540291774,9.0,0.667,2.5,1.0,2.17
1966,Hungary,4,2,0,2,8.0,7.0,6,,1.0,0.5,2.0,1.75,1.5
1966,Italy,3,1,0,2,2.0,2.0,3,1458.94713889011,0.0,0.333,0.67,0.67,1.0
1966,Mexico,3,0,2,1,1.0,3.0,2,544.935854193449,-2.0,0.0,0.33,1.0,0.67
1966,North Korea,4,1,1,2,5.0,9.0,4,,-4.0,0.25,1.25,2.25,1.0
1966,Portugal,6,5,0,1,17.0,8.0,15,601.289222261876,9.0,0.833,2.83,1.33,2.5
1966,Russia,6,4,0,2,10.0,6.0,12,,4.0,0.667,1.67,1.0,2.0
1966,Spain,3,1,0,2,4.0,5.0,3,915.62923367863,-1.0,0.333,1.33,1.67,1.0
1966,Switzerland,3,0,0,3,1.0,9.0,0,3044.84560389449,-8.0,0.0,0.33,3.0,0.0
1966,Uruguay,4,1,2,1,2.0,5.0,5,668.17637665776,-3.0,0.25,0.5,1.25,1.25
1970,Belgium,3,1,0,2,4.0,5.0,3,2765.89099664794,-1.0,0.333,1.33,1.67,1.0
1970,Brazil,6,6,0,0,19.0,7.0,18,443.799484982738,12.0,1.0,3.17,1.17,3.0
1970,Bulgaria,3,0,1,2,5.0,9.0,1,,-4.0,0.0,1.67,3.0,0.33
1970,Czechoslovakia,3,0,0,3,2.0,7.0,0,,-5.0,0.0,0.67,2.33,0.0
1970,El Salvador,3,0,0,3,0.0,9.0,0,308.798853901934,-9.0,0.0,0.0,3.0,0.0
1970,England,4,2,0,2,4.0,4.0,6,2347.54431773747,0.0,0.5,1.0,1.0,1.5
1970,Germany,6,5,0,1,17.0,10.0,15,2771.28310514754,7.0,0.833,2.83,1.67,2.5
1970,Israel,3,0,2,1,1.0,3.0,2,2485.81574130995,-2.0,0.0,0.33,1.0,0.67
1970,Italy,6,3,2,1,10.0,8.0,11,2111.71986404332,2.0,0.5,1.67,1.33,1.83
1970,Mexico,4,2,1,1,6.0,4.0,7,699.006845485029,2.0,0.5,1.5,1.0,1.75
1970,Morocco,3,0,1,2,2.0,6.0,1,260.26513671875,-4.0,0.0,0.67,2.0,0.33
1970,Peru,4,2,0,2,9.0,9.0,6,550.484609442545,0.0,0.5,2.25,2.25,1.5
1970,Romania,3,1,0,2,4.0,5.0,3,,-1.0,0.333,1.33,1.67,1.0
1970,Russia,4,2,1,1,6.0,2.0,7,,4.0,0.5,1.5,0.5,1.75
1970,Sweden,3,1,1,1,2.0,2.0,4,4729.40500975204,0.0,0.333,0.67,0.67,1.33
1970,Uruguay,6,2,1,3,4.0,5.0,7,765.763011986694,-1.0,0.333,0.67,0.83,1.17
1974,Argentina,6,1,2,3,9.0,12.0,5,2844.96990526761,-3.0,0.167,1.5,2.0,0.83
1974,Australia,3,0,1,2,0.0,5.0,1,6482.93848103472,-5.0,0.0,0.0,1.67,0.33
1974,Brazil,7,3,2,2,6.0,4.0,11,1044.76980947499,2.0,0.429,0.86,0.57,1.57
1974,Bulgaria,3,0,2,1,2.0,5.0,2,,-3.0,0.0,0.67,1.67,0.67
1974,Chile,3,0,2,1,1.0,2.0,2,1542.92552707497,-1.0,0.0,0.33,0.67,0.67
1974,DR Congo,3,0,0,3,0.0,14.0,0,428.074954493294,-14.0,0.0,0.0,4.67,0.0
1974,German DR,6,2,2,2,5.0,5.0,8,,0.0,0.333,0.83,0.83,1.33
1974,Germany,7,6,0,1,13.0,4.0,18,5659.73787773336,9.0,0.857,1.86,0.57,2.57
1974,Haiti,3,0,0,3,2.0,14.0,0,113.039260601755,-12.0,0.0,0.67,4.67,0.0
1974,Italy,3,1,1,1,5.0,4.0,4,3629.49182319594,1.0,0.333,1.67,1.33,1.33
1974,Netherlands,7,5,1,1,15.0,3.0,16,6450.45770236493,12.0,0.714,2.14,0.43,2.29
1974,Poland,7,6,0,1,16.0,5.0,18,,11.0,0.857,2.29,0.71,2.57
1974,Scotland,3,1,2,0,3.0,1.0,5,,2.0,0.333,1.0,0.33,1.67
1974,Sweden,6,2,2,2,7.0,6.0,8,8078.27876796371,1.0,0.333,1.17,1.0,1.33
1974,Uruguay,3,0,1,2,1.0,6.0,1,1433.17797475063,-5.0,0.0,0.33,2.0,0.33
1974,Yugoslavia,6,1,2,3,12.0,7.0,5,,5.0,0.167,2.0,1.17,0.83
1978,Argentina,7,5,1,1,15.0,4.0,16,3282.06304446289,11.0,0.714,2.14,0.57,2.29
1978,Austria,6,3,0,3,7.0,10.0,9,8173.32926347245,-3.0,0.5,1.17,1.67,1.5
1978,Brazil,7,4,3,0,10.0,3.0,15,1732.50012204556,7.0,0.571,1.43,0.43,2.14
1978,France,3,1,0,2,5.0,5.0,3,9166.59011961391,0.0,0.333,1.67,1.67,1.0
1978,Germany,6,1,4,1,10.0,5.0,7,9516.78283228907,5.0,0.167,1.67,0.83,1.17
1978,Hungary,3,0,0,3,3.0,8.0,0,1612.60099090319,-5.0,0.0,1.0,2.67,0.0
1978,Iran,3,0,1,2,2.0,8.0,1,2100.77015324707,-6.0,0.0,0.67,2.67,0.33
1978,Italy,7,4,1,2,9.0,6.0,13,5623.42917622719,3.0,0.571,1.29,0.86,1.86
1978,Mexico,3,0,0,3,2.0,12.0,0,1604.40920452482,-10.0,0.0,0.67,4.0,0.0
1978,Netherlands,7,3,2,2,15.0,10.0,11,11195.8424872959,5.0,0.429,2.14,1.43,1.57
1978,Peru,6,2,1,3,7.0,12.0,7,756.347306761911,-5.0,0.333,1.17,2.0,1.17
1978,Poland,6,3,1,2,6.0,6.0,10,,0.0,0.5,1.0,1.0,1.67
1978,Scotland,3,1,1,1,5.0,6.0,4,,-1.0,0.333,1.67,2.0,1.33
1978,Spain,3,1,1,1,2.0,2.0,4,4353.3273744052,0.0,0.333,0.67,0.67,1.33
1978,Sweden,3,0,1,2,1.0,3.0,1,12602.3664021925,-2.0,0.0,0.33,1.0,0.33
1978,Tunisia,3,1,1,1,3.0,2.0,4,945.964678061001,1.0,0.333,1.0,0.67,1.33
1982,Algeria,3,2,0,1,5.0,5.0,6,2274.87800990349,0.0,0.667,1.67,1.67,2.0
1982,Argentina,5,2,0,3,8.0,7.0,6,2914.76708504176,1.0,0.4,1.6,1.4,1.2
1982,Austria,5,2,1,2,5.0,4.0,7,9373.48820626125,1.0,0.4,1.0,0.8,1.4
1982,Belgium,5,2,1,2,3.0,5.0,7,9343.86109959618,-2.0,0.4,0.6,1.0,1.4
1982,Brazil,5,4,0,1,15.0,6.0,12,2137.6250359394,9.0,0.8,3.0,1.2,2.4
1982,Cameroon,3,0,3,0,1.0,1.0,3,732.250719743892,0.0,0.0,0.33,0.33,1.0
1982,Chile,3,0,0,3,3.0,8.0,0,1648.01171225494,-5.0,0.0,1.0,2.67,0.0
1982,Czechoslovakia,3,0,2,1,2.0,4.0,2,,-2.0,0.0,0.67,1.33,0.67
1982,El Salvador,3,0,0,3,1.0,13.0,0,735.360954743528,-12.0,0.0,0.33,4.33,0.0
1982,England,5,3,2,0,6.0,1.0,11,9146.07735701852,5.0,0.6,1.2,0.2,2.2
1982,France,7,3,2,2,16.0,12.0,11,10359.8920663549,4.0,0.429,2.29,1.71,1.57
1982,Germany,7,3,2,2,12.0,10.0,11,9950.05926025365,2.0,0.429,1.71,1.43,1.57
1982,Honduras,3,0,2,1,2.0,3.0,2,1077.74606527652,-1.0,0.0,0.67,1.0,0.67
1982,Hungary,3,1,1,1,12.0,6.0,4,2247.70800537405,6.0,0.333,4.0,2.0,1.33
1982,Italy,7,4,3,0,12.0,6.0,15,7573.93967597775,6.0,0.571,1.71,0.86,2.14
1982,Kuwait,3,0,1,2,2.0,6.0,1,12978.8949980867,-4.0,0.0,0.67,2.0,0.33
1982,New Zealand,3,0,0,3,2.0,12.0,0,7656.47573238963,-10.0,0.0,0.67,4.0,0.0
1982,Northern Ireland,5,1,3,1,5.0,7.0,6,,-2.0,0.2,1.0,1.4,1.2
1982,Peru,3,0,2,1,2.0,6.0,2,1194.45000618562,-4.0,0.0,0.67,2.0,0.67
1982,Poland,7,3,3,1,11.0,5.0,12,,6.0,0.429,1.57,0.71,1.71
1982,Russia,5,2,2,1,7.0,4.0,8,,3.0,0.4,1.4,0.8,1.6
1982,Scotland,3,1,1,1,8.0,8.0,4,,0.0,0.333,2.67,2.67,1.33
1982,Spain,5,1,2,2,4.0,5.0,5,5156.02303792945,-1.0,0.2,0.8,1.0,1.0
1982,Yugoslavia,3,1,1,1,2.0,2.0,4,,0.0,0.333,0.67,0.67,1.33
1986,Algeria,3,0,1,2,1.0,5.0,1,2800.20270812187,-4.0,0.0,0.33,1.67,0.33
1986,Argentina,7,6,1,0,14.0,5.0,19,3436.07819471053,9.0,0.857,2.0,0.71,2.71
1986,Belgium,7,2,2,3,12.0,15.0,8,12170.0406962702,-3.0,0.286,1.71,2.14,1.14
1986,Brazil,5,4,1,0,10.0,1.0,13,1854.03775211919,9.0,0.8,2.0,0.2,2.6
1986,Bulgaria,4,0,2,2,2.0,6.0,2,2260.4272811545,-4.0,0.0,0.5,1.5,0.5
1986,Canada,3,0,0,3,0.0,5.0,0,14521.1800806,-5.0,0.0,0.0,1.67,0.0
1986,Denmark,4,3,0,1,10.0,6.0,9,17136.6297376226,4.0,0.75,2.5,1.5,2.25
1986,England,5,2,1,2,7.0,3.0,7,10611.112210096,4.0,0.4,1.4,0.6,1.4
1986,France,7,4,2,1,12.0,6.0,14,13430.4824599685,6.0,0.571,1.71,0.86,2.0
1986,Germany,7,3,2,2,8.0,7.0,11,13511.1520027486,1.0,0.429,1.14,1.0,1.57
1986,Hungary,3,1,0,2,2.0,9.0,3,2323.23864322732,-7.0,0.333,0.67,3.0,1.0
1986,Iraq,3,0,0,3,1.0,4.0,0,2940.40623181091,-3.0,0.0,0.33,1.33,0.0
1986,Italy,4,1,2,1,5.0,6.0,5,11341.0939892903,-1.0,0.25,1.25,1.5,1.25
1986,Mexico,5,3,2,0,6.0,2.0,11,1756.93563367491,4.0,0.6,1.2,0.4,2.2
1986,Morocco,4,1,2,1,3.0,2.0,5,855.169311523438,1.0,0.25,0.75,0.5,1.25
1986,Northern Ireland,3,0,1,2,2.0,6.0,1,,-4.0,0.0,0.67,2.0,0.33
1986,Paraguay,4,1,2,1,4.0,6.0,5,1031.15623781062,-2.0,0.25,1.0,1.5,1.25
1986,Poland,4,1,1,2,1.0,7.0,4,,-6.0,0.25,0.25,1.75,1.0
1986,Portugal,3,1,0,2,2.0,4.0,3,3861.9484333688,-2.0,0.333,0.67,1.33,1.0
1986,Russia,4,2,1,1,12.0,5.0,7,,7.0,0.5,3.0,1.25,1.75
1986,Scotland,3,0,1,2,1.0,3.0,1,,-2.0,0.0,0.33,1.0,0.33
1986,South Korea,3,0,1,2,4.0,7.0,1,2834.89033966815,-3.0,0.0,1.33,2.33,0.33
1986,Spain,5,3,1,1,11.0,4.0,10,6508.8506547565,7.0,0.6,2.2,0.8,2.0
1986,Uruguay,4,0,2,2,2.0,8.0,2,1938.8108486947,-6.0,0.0,0.5,2.0,0.5
1990,Argentina,7,2,3,2,5.0,4.0,9,4315.33329358672,1.0,0.286,0.71,0.57,1.29
1990,Austria,3,1,0,2,2.0,3.0,3,21596.068219998,-1.0,0.333,0.67,1.0,1.0
1990,Belgium,4,2,0,2,6.0,4.0,6,20600.3752789827,2.0,0.5,1.5,1.0,1.5
1990,Brazil,4,3,0,1,4.0,2.0,9,3117.73534721624,2.0,0.75,1.0,0.5,2.25
1990,Cameroon,5,3,0,2,7.0,9.0,9,1086.71700937081,-2.0,0.6,1.4,1.8,1.8
1990,Colombia,4,1,1,2,4.0,4.0,4,1474.8455285342,0.0,0.25,1.0,1.0,1.0
1990,Costa Rica,4,2,0,2,4.0,6.0,6,1829.6687089559,-2.0,0.5,1.0,1.5,1.5
1990,Czechoslovakia,5,3,0,2,10.0,5.0,9,,5.0,0.6,2.0,1.0,1.8
1990,Egypt,3,0,2,1,1.0,2.0,2,735.982935028025,-1.0,0.0,0.33,0.67,0.67
1990,England,7,3,3,1,8.0,6.0,12,19095.4669984608,2.0,0.429,1.14,0.86,1.71
1990,Germany,7,5,2,0,15.0,5.0,17,22385.6778250275,10.0,0.714,2.14,0.71,2.43
1990,Italy,7,6,1,0,10.0,2.0,19,20873.7834092719,8.0,0.857,1.43,0.29,2.71
1990,Netherlands,4,0,3,1,3.0,4.0,3,21322.1944802703,-1.0,0.0,0.75,1.0,0.75
1990,Republic of Ireland,5,0,4,1,2.0,3.0,4,14031.3025675469,-1.0,0.0,0.4,0.6,0.8
1990,Romania,4,1,2,1,4.0,3.0,5,1648.48522974542,1.0,0.25,1.0,0.75,1.25
1990,Russia,3,1,0,2,4.0,4.0,3,3494.06323242188,0.0,0.333,1.33,1.33,1.0
1990,Scotland,3,1,0,2,2.0,3.0,3,,-1.0,0.333,0.67,1.0,1.0
1990,South Korea,3,0,0,3,1.0,6.0,0,6609.99728316175,-5.0,0.0,0.33,2.0,0.0
1990,Spain,4,2,1,1,6.0,4.0,7,13795.0159385128,2.0,0.5,1.5,1.0,1.75
1990,Sweden,3,0,0,3,3.0,6.0,0,30549.6692751763,-3.0,0.0,1.0,2.0,0.0
1990,United Arab Emirates,3,0,0,3,2.0,11.0,0,26709.993440327,-9.0,0.0,0.67,3.67,0.0
1990,United States,3,0,0,3,2.0,8.0,0,23888.6000088133,-6.0,0.0,0.67,2.67,0.0
1990,Uruguay,4,1,1,2,2.0,5.0,4,2995.36105663465,-3.0,0.25,0.5,1.25,1.0
1990,Yugoslavia,5,3,1,1,8.0,6.0,10,,2.0,0.6,1.6,1.2,2.0
1994,Argentina,4,2,0,2,8.0,6.0,6,7437.56242327594,2.0,0.5,2.0,1.5,1.5
1994,Belgium,4,2,0,2,4.0,4.0,6,24208.5547931447,0.0,0.5,1.0,1.0,1.5
1994,Bolivia,3,0,1,2,1.0,4.0,1,774.035669644318,-3.0,0.0,0.33,1.33,0.33
1994,Brazil,7,5,2,0,11.0,3.0,17,3298.71250747787,8.0,0.714,1.57,0.43,2.43
1994,Bulgaria,7,3,1,3,10.0,11.0,10,1148.4943993817,-1.0,0.429,1.43,1.57,1.43
1994,Cameroon,3,0,1,2,3.0,11.0,1,700.70950185009,-8.0,0.0,1.0,3.67,0.33
1994,Colombia,3,1,0,2,4.0,5.0,3,2325.97557339326,-1.0,0.333,1.33,1.67,1.0
1994,Germany,5,3,1,1,9.0,7.0,10,27201.9593555204,2.0,0.6,1.8,1.4,2.0
1994,Greece,3,0,0,3,0.0,10.0,0,10937.0223808611,-10.0,0.0,0.0,3.33,0.0
1994,Italy,7,4,2,1,8.0,5.0,14,19382.2002150155,3.0,0.571,1.14,0.71,2.0
1994,Mexico,4,1,2,1,4.0,4.0,5,6202.36588372862,0.0,0.25,1.0,1.0,1.25
1994,Morocco,3,0,0,3,2.0,5.0,0,1358.79443359375,-3.0,0.0,0.67,1.67,0.0
1994,Netherlands,5,3,0,2,8.0,6.0,9,24682.5866742863,2.0,0.6,1.6,1.2,1.8
1994,Nigeria,4,2,0,2,7.0,4.0,6,744.884247151377,3.0,0.5,1.75,1.0,1.5
1994,Norway,3,1,1,1,1.0,1.0,4,29315.8092337732,0.0,0.333,0.33,0.33,1.33
1994,Republic of Ireland,4,1,1,2,2.0,4.0,4,15902.9296755168,-2.0,0.25,0.5,1.0,1.0
1994,Romania,5,3,1,1,10.0,9.0,10,1323.03237766927,1.0,0.6,2.0,1.8,2.0
1994,Russia,3,1,0,2,7.0,6.0,3,2662.10400390625,1.0,0.333,2.33,2.0,1.0
1994,Saudi Arabia,4,2,0,2,5.0,6.0,6,10601.9196697805,-1.0,0.5,1.25,1.5,1.5
1994,South Korea,3,0,2,1,4.0,5.0,2,10385.3904572997,-1.0,0.0,1.33,1.67,0.67
1994,Spain,5,2,2,1,10.0,6.0,8,13405.704414883,4.0,0.4,2.0,1.2,1.6
1994,Sweden,7,3,3,1,15.0,8.0,12,26045.8148927701,7.0,0.429,2.14,1.14,1.71
1994,Switzerland,4,1,1,2,5.0,7.0,4,43091.7770970073,-2.0,0.25,1.25,1.75,1.0
1994,United States,4,1,1,2,3.0,4.0,4,27694.853416234,-1.0,0.25,0.75,1.0,1.0
1998,Argentina,5,3,1,1,10.0,4.0,10,8218.99212764682,6.0,0.6,2.0,0.8,2.0
1998,Austria,3,0,2,1,3.0,4.0,2,27212.4642905708,-1.0,0.0,1.0,1.33,0.67
1998,Belgium,3,0,3,0,3.0,3.0,3,25338.4432934904,0.0,0.0,1.0,1.0,1.0
1998,Brazil,7,4,1,2,14.0,10.0,13,5105.89099544117,4.0,0.571,2.0,1.43,1.86
1998,Bulgaria,3,0,1,2,1.0,7.0,1,1820.44866449942,-6.0,0.0,0.33,2.33,0.33
1998,Cameroon,3,0,2,1,2.0,5.0,2,798.745621406677,-3.0,0.0,0.67,1.67,0.67
1998,Chile,4,0,3,1,5.0,8.0,3,5419.82417295755,-3.0,0.0,1.25,2.0,0.75
1998,Colombia,3,1,0,2,1.0,3.0,3,2605.99938059023,-2.0,0.333,0.33,1.0,1.0
1998,Croatia,7,5,0,2,11.0,5.0,15,5712.58985659548,6.0,0.714,1.57,0.71,2.14
1998,Denmark,5,2,1,2,9.0,7.0,7,33346.4884298957,2.0,0.4,1.8,1.4,1.4
1998,England,4,2,1,1,7.0,4.0,7,28274.5045119699,3.0,0.5,1.75,1.0,1.75
1998,France,7,6,1,0,15.0,2.0,19,24869.4030795939,13.0,0.857,2.14,0.29,2.71
1998,Germany,5,3,1,1,8.0,6.0,10,27395.9440608051,2.0,0.6,1.6,1.2,2.0
1998,Iran,3,1,0,2,2.0,4.0,3,1709.19334095949,-2.0,0.333,0.67,1.33,1.0
1998,Italy,5,3,2,0,8.0,3.0,11,22365.1837644545,5.0,0.6,1.6,0.6,2.2
1998,Jamaica,3,1,0,2,3.0,9.0,3,3419.49352868739,-6.0,0.333,1.0,3.0,1.0
1998,Japan,3,0,0,3,1.0,4.0,0,32423.7556133801,-3.0,0.0,0.33,1.33,0.0
1998,Mexico,4,1,2,1,8.0,7.0,5,5832.69342004468,1.0,0.25,2.0,1.75,1.25
1998,Morocco,3,1,1,1,5.0,5.0,4,1668.49755859375,0.0,0.333,1.67,1.67,1.33
1998,Netherlands,7,3,3,1,13.0,7.0,12,27924.281808994,6.0,0.429,1.86,1.0,1.71
1998,Nigeria,4,2,0,2,6.0,9.0,6,1822.46998452473,-3.0,0.5,1.5,2.25,1.5
1998,Norway,4,1,2,1,5.0,5.0,5,34803.4634058738,0.0,0.25,1.25,1.25,1.25
1998,Paraguay,4,1,2,1,3.0,2.0,5,1889.88455618586,1.0,0.25,0.75,0.5,1.25
1998,Romania,4,2,1,1,4.0,3.0,7,1852.5549693339,1.0,0.5,1.0,0.75,1.75
1998,Saudi Arabia,3,0,1,2,2.0,7.0,1,9836.05729768574,-5.0,0.0,0.67,2.33,0.33
1998,Scotland,3,0,1,2,2.0,6.0,1,,-4.0,0.0,0.67,2.0,0.33
1998,Serbia,4,2,1,1,5.0,4.0,7,2775.47372982047,1.0,0.5,1.25,1.0,1.75
1998,South Africa,3,0,2,1,3.0,6.0,2,3309.60933087472,-3.0,0.0,1.0,2.0,0.67
1998,South Korea,3,0,1,2,2.0,9.0,1,8281.71948271445,-7.0,0.0,0.67,3.0,0.33
1998,Spain,3,1,1,1,8.0,4.0,4,15382.3348573373,4.0,0.333,2.67,1.33,1.33
1998,Tunisia,3,0,1,2,1.0,4.0,1,2285.01933541864,-3.0,0.0,0.33,1.33,0.33
1998,United States,3,0,0,3,1.0,5.0,0,32853.6725949234,-4.0,0.0,0.33,1.67,0.0
2002,Argentina,3,1,1,1,2.0,2.0,4,2569.69963519124,0.0,0.333,0.67,0.67,1.33
2002,Belgium,4,1,2,1,6.0,7.0,5,25006.191397109,-1.0,0.25,1.5,1.75,1.25
2002,Brazil,7,7,0,0,18.0,4.0,21,2855.94018885769,14.0,1.0,2.57,0.57,3.0
2002,Cameroon,3,1,1,1,2.0,3.0,4,789.623811072554,-1.0,0.333,0.67,1.0,1.33
2002,China,3,0,0,3,0.0,9.0,0,1148.51425710711,-9.0,0.0,0.0,3.0,0.0
2002,Costa Rica,3,1,1,1,5.0,6.0,4,4067.71851429092,-1.0,0.333,1.67,2.0,1.33
2002,Croatia,3,1,0,2,2.0,3.0,3,6219.58164143945,-1.0,0.333,0.67,1.0,1.0
2002,Denmark,4,2,1,1,5.0,5.0,7,33257.1622586509,0.0,0.5,1.25,1.25,1.75
2002,Ecuador,3,1,0,2,2.0,4.0,3,2059.1585535974,-2.0,0.333,0.67,1.33,1.0
2002,England,5,2,2,1,6.0,3.0,8,30077.741432188,3.0,0.4,1.2,0.6,1.6
2002,France,3,0,1,2,0.0,3.0,1,24144.5727019529,-3.0,0.0,0.0,1.0,0.33
2002,Germany,7,5,1,1,14.0,3.0,16,25486.5942008748,11.0,0.714,2.0,0.43,2.29
2002,Italy,4,1,1,2,5.0,5.0,4,22463.5222129968,0.0,0.25,1.25,1.25,1.0
2002,Japan,4,2,1,1,5.0,3.0,7,32820.7936433254,2.0,0.5,1.25,0.75,1.75
2002,Mexico,4,2,1,1,4.0,4.0,7,7983.03398483743,0.0,0.5,1.0,1.0,1.75
2002,Nigeria,3,0,1,2,1.0,3.0,1,712.164852077686,-2.0,0.0,0.33,1.0,0.33
2002,Paraguay,4,1,1,2,6.0,7.0,4,1367.76506935997,-1.0,0.25,1.5,1.75,1.0
2002,Poland,3,1,0,2,3.0,7.0,3,5223.45178967082,-4.0,0.333,1.0,2.33,1.0
2002,Portugal,3,1,0,2,6.0,4.0,3,12936.6928204482,2.0,0.333,2.0,1.33,1.0
2002,Republic of Ireland,4,1,3,0,6.0,3.0,6,32705.4345565698,3.0,0.25,1.5,0.75,1.5
2002,Russia,3,1,0,2,4.0,4.0,3,2377.52954101563,0.0,0.333,1.33,1.33,1.0
2002,Saudi Arabia,3,0,0,3,0.0,12.0,0,10586.0543471363,-12.0,0.0,0.0,4.0,0.0
2002,Senegal,5,2,2,1,7.0,6.0,8,669.430447319209,1.0,0.4,1.4,1.2,1.6
2002,Slovenia,3,0,0,3,2.0,7.0,0,11639.1297780477,-5.0,0.0,0.67,2.33,0.0
2002,South Africa,3,1,1,1,5.0,5.0,4,2688.23676032806,0.0,0.333,1.67,1.67,1.33
2002,South Korea,7,3,2,2,8.0,6.0,11,13165.08362497,2.0,0.429,1.14,0.86,1.57
2002,Spain,5,3,2,0,10.0,5.0,11,17111.0685058941,5.0,0.6,2.0,1.0,2.2
2002,Sweden,4,1,2,1,5.0,5.0,5,29957.9387652616,0.0,0.25,1.25,1.25,1.25
2002,Tunisia,3,0,1,2,1.0,5.0,1,2320.7723805785,-4.0,0.0,0.33,1.67,0.33
2002,Turkey,7,4,1,2,10.0,6.0,13,3583.19745897158,4.0,0.571,1.43,0.86,1.86
2002,United States,5,2,1,2,7.0,7.0,7,37997.7424300242,0.0,0.4,1.4,1.4,1.4
2002,Uruguay,3,0,2,1,4.0,5.0,2,4149.76140312687,-1.0,0.0,1.33,1.67,0.67
2006,Angola,3,0,2,1,1.0,2.0,2,2617.05196022633,-1.0,0.0,0.33,0.67,0.67
2006,Argentina,5,3,2,0,11.0,3.0,11,5869.38028970204,8.0,0.6,2.2,0.6,2.2
2006,Australia,4,1,1,2,5.0,6.0,4,36595.7071548423,-1.0,0.25,1.25,1.5,1.0
2006,Brazil,5,4,0,1,10.0,2.0,12,5934.1447107274,8.0,0.8,2.0,0.4,2.4
2006,Costa Rica,3,0,0,3,3.0,9.0,0,5256.59640859159,-6.0,0.0,1.0,3.0,0.0
2006,Croatia,3,0,2,1,2.0,3.0,2,11502.753124287,-1.0,0.0,0.67,1.0,0.67
2006,Czech Republic,3,1,0,2,3.0,4.0,3,15259.0788162004,-1.0,0.333,1.0,1.33,1.0
2006,Ecuador,4,2,0,2,5.0,4.0,6,3243.67010359339,1.0,0.5,1.25,1.0,1.5
2006,England,5,3,2,0,6.0,2.0,11,44512.4590296865,4.0,0.6,1.2,0.4,2.2
2006,France,7,4,3,0,9.0,3.0,15,36431.5658906555,6.0,0.571,1.29,0.43,2.14
2006,Germany,7,5,1,1,14.0,6.0,16,36980.3349948954,8.0,0.714,2.0,0.86,2.29
2006,Ghana,4,2,0,2,4.0,6.0,6,906.441027564887,-2.0,0.5,1.0,1.5,1.5
2006,Iran,3,0,1,2,2.0,6.0,1,3618.9160136791,-4.0,0.0,0.67,2.0,0.33
2006,Italy,7,5,2,0,12.0,2.0,17,33684.7200358552,10.0,0.714,1.71,0.29,2.43
2006,Ivory Coast,3,1,0,2,5.0,6.0,3,1230.43056838584,-1.0,0.333,1.67,2.0,1.0
2006,Japan,3,0,1,2,2.0,7.0,1,35991.546002862,-5.0,0.0,0.67,2.33,0.33
2006,Mexico,4,1,1,2,5.0,5.0,4,9512.63575346699,0.0,0.25,1.25,1.25,1.0
2006,Netherlands,4,2,1,1,3.0,2.0,7,45123.5432406426,1.0,0.5,0.75,0.5,1.75
2006,Paraguay,3,1,0,2,2.0,2.0,3,2439.43124694576,0.0,0.333,0.67,0.67,1.0
2006,Poland,3,1,0,2,2.0,4.0,3,9068.85528307627,-2.0,0.333,0.67,1.33,1.0
2006,Portugal,7,4,1,2,7.0,5.0,13,19839.4540499032,2.0,0.571,1.0,0.71,1.86
2006,Saudi Arabia,3,0,1,2,2.0,7.0,1,17563.6145370639,-5.0,0.0,0.67,2.33,0.33
2006,Serbia,3,0,0,3,2.0,10.0,0,4492.7136699046,-8.0,0.0,0.67,3.33,0.0
2006,South Korea,3,1,1,1,3.0,4.0,4,21743.4774514254,-1.0,0.333,1.0,1.33,1.33
2006,Spain,4,3,0,1,9.0,4.0,9,28421.686527407,5.0,0.75,2.25,1.0,2.25
2006,Sweden,4,1,2,1,3.0,4.0,5,46531.6001120572,-1.0,0.25,0.75,1.0,1.25
2006,Switzerland,4,2,2,0,4.0,0.0,8,59011.0324592016,4.0,0.5,1.0,0.0,2.0
2006,Togo,3,0,0,3,1.0,6.0,0,552.50227125256,-5.0,0.0,0.33,2.0,0.0
2006,Trinidad and Tobago,3,0,1,2,0.0,4.0,1,14152.6607422113,-4.0,0.0,0.0,1.33,0.33
2006,Tunisia,3,0,1,2,3.0,6.0,1,3322.56933570096,-3.0,0.0,1.0,2.0,0.33
2006,Ukraine,5,2,1,2,5.0,7.0,7,2366.494140625,-2.0,0.4,1.0,1.4,1.4
2006,United States,3,0,1,2,2.0,6.0,1,46301.9876485519,-4.0,0.0,0.67,2.0,0.33
2010,Algeria,3,0,1,2,0.0,2.0,1,4912.78585503672,-2.0,0.0,0.0,0.67,0.33
2010,Argentina,5,4,0,1,10.0,6.0,12,10260.1313108254,4.0,0.8,2.0,1.2,2.4
2010,Australia,3,1,1,1,3.0,6.0,4,52144.6654705468,-3.0,0.333,1.0,2.0,1.33
2010,Brazil,5,3,1,1,9.0,4.0,10,11403.2821284616,5.0,0.6,1.8,0.8,2.0
2010,Cameroon,3,0,0,3,2.0,5.0,0,1398.58702025047,-3.0,0.0,0.67,1.67,0.0
2010,Chile,4,2,0,2,3.0,5.0,6,12632.8704725219,-2.0,0.5,0.75,1.25,1.5
2010,Denmark,3,1,0,2,3.0,6.0,3,58104.5445594981,-3.0,0.333,1.0,2.0,1.0
2010,England,4,1,2,1,3.0,5.0,5,39598.957119545,-2.0,0.25,0.75,1.25,1.25
2010,France,3,0,1,2,1.0,4.0,1,40694.8211697025,-3.0,0.0,0.33,1.33,0.33
2010,Germany,7,5,0,2,16.0,5.0,15,42409.9356994694,11.0,0.714,2.29,0.71,2.14
2010,Ghana,5,2,2,1,5.0,4.0,8,1263.89251760539,1.0,0.4,1.0,0.8,1.6
2010,Greece,3,1,0,2,2.0,5.0,3,26653.0488008626,-3.0,0.333,0.67,1.67,1.0
2010,Honduras,3,0,1,2,0.0,3.0,1,1893.32722662035,-3.0,0.0,0.0,1.0,0.33
2010,Italy,3,0,2,1,4.0,5.0,2,36184.7118698678,-1.0,0.0,1.33,1.67,0.67
2010,Ivory Coast,3,1,1,1,4.0,3.0,4,1553.54887048143,1.0,0.333,1.33,1.0,1.33
2010,Japan,4,2,1,1,4.0,2.0,7,44968.1562349739,2.0,0.5,1.0,0.5,1.75
2010,Mexico,4,1,1,2,4.0,5.0,4,9728.80078377082,-1.0,0.25,1.0,1.25,1.0
2010,Netherlands,7,6,0,1,12.0,6.0,18,51305.7338533973,6.0,0.857,1.71,0.86,2.57
2010,New Zealand,3,0,3,0,2.0,2.0,3,33676.7741239925,0.0,0.0,0.67,0.67,1.0
2010,Nigeria,3,0,1,2,3.0,5.0,1,2202.25672957344,-2.0,0.0,1.0,1.67,0.33
2010,North Korea,3,0,0,3,1.0,12.0,0,,-11.0,0.0,0.33,4.0,0.0
2010,Paraguay,5,1,3,1,3.0,2.0,6,4750.96273669322,1.0,0.2,0.6,0.4,1.2
2010,Portugal,4,1,2,1,7.0,1.0,5,22551.935098809,6.0,0.25,1.75,0.25,1.25
2010,Serbia,3,1,0,2,2.0,3.0,3,5970.92660940072,-1.0,0.333,0.67,1.0,1.0
2010,Slovakia,4,1,1,2,5.0,7.0,4,16899.448680529,-2.0,0.25,1.25,1.75,1.0
2010,Slovenia,3,1,1,1,3.0,3.0,4,23329.8417691156,0.0,0.333,1.0,1.0,1.33
2010,South Africa,3,1,1,1,3.0,5.0,4,7973.47195771517,-2.0,0.333,1.0,1.67,1.33
2010,South Korea,4,1,1,2,6.0,8.0,4,23079.2601257735,-2.0,0.25,1.5,2.0,1.0
2010,Spain,7,6,0,1,8.0,2.0,18,30658.7422282912,6.0,0.857,1.14,0.29,2.57
2010,Switzerland,3,1,1,1,1.0,1.0,4,76531.3729407691,0.0,0.333,0.33,0.33,1.33
2010,United States,4,1,2,1,5.0,5.0,5,48650.6643227232,0.0,0.25,1.25,1.25,1.25
2010,Uruguay,7,3,2,2,11.0,8.0,11,12641.0576849008,3.0,0.429,1.57,1.14,1.57
2014,Algeria,4,1,1,2,7.0,7.0,4,6094.69392314956,0.0,0.25,1.75,1.75,1.0
2014,Argentina,7,5,1,1,8.0,4.0,16,12233.1444119186,4.0,0.714,1.14,0.57,2.29
2014,Australia,3,0,0,3,3.0,9.0,0,62544.0873773726,-6.0,0.0,1.0,3.0,0.0
2014,Belgium,5,4,0,1,6.0,3.0,12,47995.7786961339,3.0,0.8,1.2,0.6,2.4
2014,Bosnia and Herzegovina,3,1,0,2,4.0,4.0,3,5206.06558252,0.0,0.333,1.33,1.33,1.0
2014,Brazil,7,3,2,2,11.0,14.0,11,12274.9939689363,-3.0,0.429,1.57,2.0,1.57
2014,Cameroon,3,0,0,3,1.0,9.0,0,1649.4433905949,-8.0,0.0,0.33,3.0,0.0
2014,Chile,4,2,1,1,6.0,4.0,7,14529.6767210362,2.0,0.5,1.5,1.0,1.75
2014,Colombia,5,4,0,1,12.0,4.0,12,8187.20824890084,8.0,0.8,2.4,0.8,2.4
2014,Costa Rica,5,2,3,0,5.0,2.0,9,10911.497878334,3.0,0.4,1.0,0.4,1.8
2014,Croatia,3,1,0,2,6.0,6.0,3,14187.9694531493,0.0,0.333,2.0,2.0,1.0
2014,Ecuador,3,1,1,1,3.0,3.0,4,6405.79979300441,0.0,0.333,1.0,1.0,1.33
2014,England,3,0,1,2,2.0,4.0,1,47439.6165895125,-2.0,0.0,0.67,1.33,0.33
2014,France,5,3,1,1,10.0,3.0,10,43148.0459288416,7.0,0.6,2.0,0.6,2.0
2014,Germany,7,6,1,0,18.0,4.0,19,48971.0824722599,14.0,0.857,2.57,0.57,2.71
2014,Ghana,3,0,1,2,4.0,6.0,1,1953.64513603117,-2.0,0.0,1.33,2.0,0.33
2014,Greece,4,1,2,1,3.0,5.0,5,21474.7257123892,-2.0,0.25,0.75,1.25,1.25
2014,Honduras,3,0,0,3,1.0,8.0,0,2179.88171977271,-7.0,0.0,0.33,2.67,0.0
2014,Iran,3,0,1,2,1.0,4.0,1,5672.06372896319,-3.0,0.0,0.33,1.33,0.33
2014,Italy,3,1,0,2,2.0,3.0,3,35750.7197500382,-1.0,0.333,0.67,1.0,1.0
2014,Ivory Coast,3,1,0,2,4.0,5.0,3,1991.36539423404,-1.0,0.333,1.33,1.67,1.0
2014,Japan,3,0,1,2,2.0,6.0,1,38475.3952461838,-4.0,0.0,0.67,2.0,0.33
2014,Mexico,4,2,1,1,5.0,3.0,7,11391.3773497683,2.0,0.5,1.25,0.75,1.75
2014,Netherlands,7,5,2,0,15.0,4.0,17,53457.2234864322,11.0,0.714,2.14,0.57,2.43
2014,Nigeria,4,1,1,2,3.0,5.0,4,3088.72131316169,-2.0,0.25,0.75,1.25,1.0
2014,Portugal,3,1,1,1,4.0,7.0,4,22120.6850127107,-3.0,0.333,1.33,2.33,1.33
2014,Russia,3,0,2,1,2.0,3.0,2,14055.47265625,-1.0,0.0,0.67,1.0,0.67
2014,South Korea,3,0,1,2,3.0,6.0,1,29252.9312377352,-3.0,0.0,1.0,2.0,0.33
2014,Spain,3,1,0,2,4.0,7.0,3,29694.8874886229,-3.0,0.333,1.33,2.33,1.0
2014,Switzerland,4,2,0,2,7.0,7.0,6,88724.9909402638,0.0,0.5,1.75,1.75,1.5
2014,United States,4,1,1,2,5.0,6.0,4,55304.3155317137,-1.0,0.25,1.25,1.5,1.0
2014,Uruguay,4,2,0,2,4.0,6.0,6,18322.4276767157,-2.0,0.5,1.0,1.5,1.5
2018,Argentina,4,1,1,2,6.0,9.0,4,11752.7998922979,-3.0,0.25,1.5,2.25,1.0
2018,Australia,3,0,1,2,2.0,5.0,1,57196.4220783778,-3.0,0.0,0.67,1.67,0.33
2018,Belgium,7,6,0,1,16.0,6.0,18,47487.2100392561,10.0,0.857,2.29,0.86,2.57
2018,Brazil,5,3,1,1,8.0,3.0,10,9300.66164936497,5.0,0.6,1.6,0.6,2.0
2018,Colombia,4,2,1,1,6.0,3.0,7,6816.96818309544,3.0,0.5,1.5,0.75,1.75
2018,Costa Rica,3,0,1,2,2.0,5.0,1,12590.2493781614,-3.0,0.0,0.67,1.67,0.33
2018,Croatia,7,4,2,1,14.0,9.0,14,15460.4183295843,5.0,0.571,2.0,1.29,2.0
2018,Denmark,4,1,3,0,3.0,2.0,6,61324.7665045565,1.0,0.25,0.75,0.5,1.5
2018,Egypt,3,0,0,3,2.0,6.0,0,2484.70315630508,-4.0,0.0,0.67,2.0,0.0
2018,England,7,3,1,3,12.0,8.0,10,43203.8141057739,4.0,0.429,1.71,1.14,1.43
2018,France,7,6,1,0,14.0,6.0,19,41418.1766484844,8.0,0.857,2.0,0.86,2.71
2018,Germany,3,1,0,2,2.0,4.0,3,48874.8595028454,-2.0,0.333,0.67,1.33,1.0
2018,Iceland,3,0,1,2,2.0,5.0,1,74452.1890731447,-3.0,0.0,0.67,1.67,0.33
2018,Iran,3,1,1,1,2.0,2.0,4,4631.78709016514,0.0,0.333,0.67,0.67,1.33
2018,Japan,4,1,1,2,6.0,7.0,4,39751.1330982711,-1.0,0.25,1.5,1.75,1.0
2018,Mexico,4,2,0,2,3.0,6.0,6,10084.7937562021,-3.0,0.5,0.75,1.5,1.5
2018,Morocco,3,0,1,2,2.0,4.0,1,3501.69799804688,-2.0,0.0,0.67,1.33,0.33
2018,Nigeria,3,1,0,2,3.0,4.0,3,2057.87944554011,-1.0,0.333,1.0,1.33,1.0
2018,Panama,3,0,0,3,2.0,11.0,0,16151.3273478476,-9.0,0.0,0.67,3.67,0.0
2018,Peru,3,1,0,2,2.0,2.0,3,6978.49121548627,0.0,0.333,0.67,0.67,1.0
2018,Poland,3,1,0,2,2.0,5.0,3,15658.2120316794,-3.0,0.333,0.67,1.67,1.0
2018,Portugal,4,1,2,1,6.0,6.0,5,23541.1401075289,0.0,0.25,1.5,1.5,1.25
2018,Russia,5,2,2,1,11.0,7.0,8,11211.8876953125,4.0,0.4,2.2,1.4,1.6
2018,Saudi Arabia,3,1,0,2,2.0,7.0,3,28036.0264674095,-5.0,0.333,0.67,2.33,1.0
2018,Senegal,3,1,1,1,4.0,4.0,4,1452.55612562445,0.0,0.333,1.33,1.33,1.33
2018,Serbia,3,1,0,2,2.0,4.0,3,7559.86165747394,-2.0,0.333,0.67,1.33,1.0
2018,South Korea,3,1,0,2,3.0,3.0,3,33447.1562836166,0.0,0.333,1.0,1.0,1.0
2018,Spain,4,1,3,0,7.0,6.0,6,30592.1264795541,1.0,0.25,1.75,1.5,1.5
2018,Sweden,5,3,0,2,6.0,4.0,9,54181.9069780904,2.0,0.6,1.2,0.8,1.8
2018,Switzerland,4,1,2,1,5.0,5.0,5,85217.3691512274,0.0,0.25,1.25,1.25,1.25
2018,Tunisia,3,1,0,2,5.0,8.0,3,3628.10366464236,-3.0,0.333,1.67,2.67,1.0
2018,Uruguay,5,4,0,1,7.0,3.0,12,19249.9401532664,4.0,0.8,1.4,0.6,2.4
2022,Argentina,7,4,2,1,15.0,8.0,14,13935.6811110049,7.0,0.571,2.14,1.14,2.0
2022,Australia,4,2,0,2,4.0,6.0,6,64997.0136536475,-2.0,0.5,1.0,1.5,1.5
2022,Belgium,3,1,1,1,1.0,2.0,4,50807.2047084918,-1.0,0.333,0.33,0.67,1.33
2022,Brazil,5,3,1,1,8.0,3.0,10,9281.33334441234,5.0,0.6,1.6,0.6,2.0
2022,Cameroon,3,1,1,1,4.0,4.0,4,1604.87726954895,0.0,0.333,1.33,1.33,1.33
2022,Canada,3,0,0,3,2.0,7.0,0,55509.393176404,-5.0,0.0,0.67,2.33,0.0
2022,Costa Rica,3,1,0,2,3.0,11.0,3,13625.9008491328,-8.0,0.333,1.0,3.67,1.0
2022,Croatia,7,2,4,1,8.0,7.0,10,18466.0955472648,1.0,0.286,1.14,1.0,1.43
2022,Denmark,3,0,1,2,1.0,3.0,1,68091.3191138669,-2.0,0.0,0.33,1.0,0.33
2022,Ecuador,3,1,1,1,4.0,3.0,4,6540.99824522101,1.0,0.333,1.33,1.0,1.33
2022,England,5,3,1,1,13.0,4.0,10,45935.9276473925,9.0,0.6,2.6,0.8,2.0
2022,France,7,5,1,1,16.0,8.0,16,41082.8119320747,8.0,0.714,2.29,1.14,2.29
2022,Germany,3,1,1,1,6.0,5.0,4,49686.1154582583,1.0,0.333,2.0,1.67,1.33
2022,Ghana,3,1,0,2,5.0,7.0,3,2240.27945094566,-2.0,0.333,1.67,2.33,1.0
2022,Iran,3,1,0,2,4.0,7.0,3,4405.09291519791,-3.0,0.333,1.33,2.33,1.0
2022,Japan,4,2,1,1,5.0,4.0,7,34017.2718075024,1.0,0.5,1.25,1.0,1.75
2022,Mexico,3,1,1,1,2.0,3.0,4,11385.4070757929,-1.0,0.333,0.67,1.0,1.33
2022,Morocco,7,3,2,2,6.0,5.0,11,3455.39624023438,1.0,0.429,0.86,0.71,1.57
2022,Netherlands,5,3,2,0,10.0,4.0,11,59123.318556487,6.0,0.6,2.0,0.8,2.2
2022,Poland,4,1,1,2,3.0,5.0,4,18891.2121169279,-2.0,0.25,0.75,1.25,1.0
2022,Portugal,5,3,0,2,12.0,6.0,9,24620.519556875,6.0,0.6,2.4,1.2,1.8
2022,Qatar,3,0,0,3,1.0,7.0,0,88701.463350036,-6.0,0.0,0.33,2.33,0.0
2022,Saudi Arabia,3,1,0,2,3.0,5.0,3,34454.1957708412,-2.0,0.333,1.0,1.67,1.0
2022,Senegal,4,2,0,2,5.0,7.0,6,1564.74522071584,-2.0,0.5,1.25,1.75,1.5
2022,Serbia,3,0,1,2,5.0,8.0,1,10022.9688543402,-3.0,0.0,1.67,2.67,0.33
2022,South Korea,4,1,1,2,5.0,8.0,4,32394.6833725203,-3.0,0.25,1.25,2.0,1.0
2022,Spain,4,1,2,1,9.0,3.0,5,30287.3657583614,6.0,0.25,2.25,0.75,1.25
2022,Switzerland,4,2,0,2,5.0,9.0,6,93245.7952120851,-4.0,0.5,1.25,2.25,1.5
2022,Tunisia,3,1,1,1,1.0,1.0,4,3678.40023411347,0.0,0.333,0.33,0.33,1.33
2022,United States,4,1,2,1,3.0,4.0,5,78035.1753604212,-1.0,0.25,0.75,1.0,1.25
2022,Uruguay,3,1,1,1,2.0,2.0,4,20691.9738991763,0.0,0.333,0.67,0.67,1.33
2022,Wales,3,0,1,2,1.0,6.0,1,,-5.0,0.0,0.33,2.0,0.33
2026,Algeria,4,1,1,2,5.0,9.0,4,,-4.0,0.25,1.25,2.25,1.0
2026,Argentina,6,5,0,0,14.0,5.0,15,,9.0,0.833,2.33,0.83,2.5
2026,Australia,4,1,2,1,3.0,3.0,5,,0.0,0.25,0.75,0.75,1.25
2026,Austria,4,1,1,2,6.0,9.0,4,,-3.0,0.25,1.5,2.25,1.0
2026,Belgium,6,3,2,0,13.0,5.0,11,,8.0,0.5,2.17,0.83,1.83
2026,Bosnia and Herzegovina,4,1,1,2,5.0,8.0,4,,-3.0,0.25,1.25,2.0,1.0
2026,Brazil,5,3,1,1,10.0,4.0,10,,6.0,0.6,2.0,0.8,2.0
2026,Canada,5,2,1,2,9.0,6.0,7,,3.0,0.4,1.8,1.2,1.4
2026,Cape Verde,4,0,3,1,4.0,5.0,3,,-1.0,0.0,1.0,1.25,0.75
2026,Colombia,5,3,2,0,5.0,1.0,11,,4.0,0.6,1.0,0.2,2.2
2026,Croatia,4,2,0,2,6.0,7.0,6,,-1.0,0.5,1.5,1.75,1.5
2026,Curaçao,3,0,1,2,1.0,9.0,1,,-8.0,0.0,0.33,3.0,0.33
2026,Czech Republic,3,0,1,2,2.0,6.0,1,,-4.0,0.0,0.67,2.0,0.33
2026,DR Congo,4,1,1,2,5.0,5.0,4,,0.0,0.25,1.25,1.25,1.0
2026,Ecuador,4,1,1,2,2.0,4.0,4,,-2.0,0.25,0.5,1.0,1.0
2026,Egypt,5,1,3,1,8.0,7.0,6,,1.0,0.2,1.6,1.4,1.2
2026,England,6,4,1,0,11.0,5.0,13,,6.0,0.667,1.83,0.83,2.17
2026,France,6,6,0,0,16.0,2.0,18,,14.0,1.0,2.67,0.33,3.0
2026,Germany,4,2,1,1,11.0,5.0,7,,6.0,0.5,2.75,1.25,1.75
2026,Ghana,4,1,1,2,2.0,3.0,4,,-1.0,0.25,0.5,0.75,1.0
2026,Haiti,3,0,0,3,2.0,8.0,0,,-6.0,0.0,0.67,2.67,0.0
2026,Iran,3,0,3,0,3.0,3.0,3,,0.0,0.0,1.0,1.0,1.0
2026,Iraq,3,0,0,3,1.0,12.0,0,,-11.0,0.0,0.33,4.0,0.0
2026,Ivory Coast,4,2,0,2,5.0,4.0,6,,1.0,0.5,1.25,1.0,1.5
2026,Japan,4,1,2,1,8.0,5.0,5,,3.0,0.25,2.0,1.25,1.25
2026,Jordan,3,0,0,3,3.0,8.0,0,,-5.0,0.0,1.0,2.67,0.0
2026,Mexico,5,4,0,1,10.0,3.0,12,,7.0,0.8,2.0,0.6,2.4
2026,Morocco,6,3,2,1,10.0,6.0,11,,4.0,0.5,1.67,1.0,1.83
2026,Netherlands,4,2,2,0,11.0,5.0,8,,6.0,0.5,2.75,1.25,2.0
2026,New Zealand,3,0,1,2,4.0,10.0,1,,-6.0,0.0,1.33,3.33,0.33
2026,Norway,6,4,0,1,12.0,9.0,12,,3.0,0.667,2.0,1.5,2.0
2026,Panama,3,0,0,3,0.0,4.0,0,,-4.0,0.0,0.0,1.33,0.0
2026,Paraguay,5,1,2,2,3.0,6.0,5,,-3.0,0.2,0.6,1.2,1.0
2026,Portugal,5,2,2,1,8.0,3.0,8,,5.0,0.4,1.6,0.6,1.6
2026,Qatar,3,0,1,2,2.0,10.0,1,,-8.0,0.0,0.67,3.33,0.33
2026,Saudi Arabia,3,0,2,1,1.0,5.0,2,,-4.0,0.0,0.33,1.67,0.67
2026,Scotland,3,1,0,2,1.0,4.0,3,,-3.0,0.333,0.33,1.33,1.0
2026,Senegal,4,1,0,3,10.0,9.0,3,,1.0,0.25,2.5,2.25,0.75
2026,South Africa,4,1,1,2,2.0,4.0,4,,-2.0,0.25,0.5,1.0,1.0
2026,South Korea,3,1,0,2,2.0,3.0,3,,-1.0,0.333,0.67,1.0,1.0
2026,Spain,6,4,1,0,9.0,0.0,13,,9.0,0.667,1.5,0.0,2.17
2026,Sweden,4,1,1,2,7.0,10.0,4,,-3.0,0.25,1.75,2.5,1.0
2026,Switzerland,6,3,2,0,9.0,3.0,11,,6.0,0.5,1.5,0.5,1.83
2026,Tunisia,3,0,0,3,2.0,12.0,0,,-10.0,0.0,0.67,4.0,0.0
2026,Turkey,3,1,0,2,3.0,5.0,3,,-2.0,0.333,1.0,1.67,1.0
2026,United States,5,3,0,2,11.0,8.0,9,,3.0,0.6,2.2,1.6,1.8
2026,Uruguay,3,0,2,1,3.0,4.0,2,,-1.0,0.0,1.0,1.33,0.67
2026,Uzbekistan,3,0,0,3,2.0,11.0,0,,-9.0,0.0,0.67,3.67,0.0
